;school;sex;age;address;Pstatus;guardian;traveltime;studytime;failures;paid;internet;health;absences;G1;G2;G3;approved
0;GP;F;18;U;A;mother;2;2;0;no;no;3;4;0;11;11;1
1;GP;F;17;U;T;father;1;2;0;no;yes;3;2;9;11;11;1
2;GP;F;15;U;T;mother;1;2;0;no;yes;3;6;12;13;12;1
3;GP;F;15;U;T;mother;1;3;0;no;yes;5;0;14;14;14;1
4;GP;F;16;U;T;father;1;2;0;no;no;5;0;11;13;13;1
5;GP;M;16;U;T;mother;1;2;0;no;yes;5;6;12;12;13;1
6;GP;M;16;U;T;mother;1;2;0;no;yes;3;0;13;12;13;1
7;GP;F;17;U;A;mother;2;2;0;no;no;1;2;10;13;13;1
8;GP;M;15;U;A;mother;1;2;0;no;yes;1;0;15;16;17;1
9;GP;M;15;U;T;mother;1;2;0;no;yes;5;0;12;12;13;1
10;GP;F;15;U;T;mother;1;2;0;no;yes;2;2;14;14;14;1
11;GP;F;15;U;T;father;3;3;0;no;yes;4;0;10;12;13;1
12;GP;M;15;U;T;father;1;1;0;no;yes;5;0;12;13;12;1
13;GP;M;15;U;T;mother;2;2;0;no;yes;3;0;12;12;13;1
14;GP;M;15;U;A;other;1;3;0;no;yes;3;0;14;14;15;1
15;GP;F;16;U;T;mother;1;1;0;no;yes;2;6;17;17;17;1
16;GP;F;16;U;T;mother;1;3;0;no;yes;2;10;13;13;14;1
17;GP;F;16;U;T;mother;3;2;0;no;no;4;2;13;14;14;1
18;GP;M;17;U;T;mother;1;1;3;yes;yes;5;2;8;8;7;0
19;GP;M;16;U;T;father;1;1;0;no;yes;5;6;12;12;12;1
20;GP;M;15;U;T;mother;1;2;0;no;yes;1;0;12;13;14;1
21;GP;M;15;U;T;father;1;1;0;yes;yes;5;0;11;12;12;1
22;GP;M;16;U;T;mother;1;2;0;no;yes;5;0;12;13;14;1
23;GP;M;16;U;T;mother;2;2;0;no;yes;5;2;10;10;10;1
24;GP;F;15;R;T;mother;1;3;0;no;yes;5;2;10;11;10;1
25;GP;F;16;U;T;mother;1;1;0;no;yes;5;6;10;11;12;1
26;GP;M;15;U;T;mother;1;1;0;no;yes;5;8;11;12;12;1
27;GP;M;15;U;T;mother;1;1;0;no;yes;1;0;11;11;11;1
28;GP;M;16;U;A;mother;1;2;0;yes;yes;5;2;12;12;13;1
29;GP;M;16;U;T;mother;1;2;0;yes;yes;5;4;12;11;12;1
30;GP;M;15;U;T;mother;1;2;0;yes;yes;5;0;10;11;11;1
31;GP;M;15;U;T;mother;2;2;0;no;yes;5;2;15;15;15;1
32;GP;M;15;R;T;mother;1;2;0;no;yes;5;0;13;14;15;1
33;GP;M;15;U;T;mother;1;2;0;no;yes;2;0;13;12;12;1
34;GP;M;16;U;T;mother;1;1;0;no;yes;5;4;12;12;12;1
35;GP;F;15;U;T;father;2;1;0;no;no;5;4;11;11;11;1
36;GP;M;15;U;T;mother;1;3;0;no;yes;4;0;14;14;14;1
37;GP;M;16;R;A;mother;2;3;0;no;yes;5;4;13;13;13;1
38;GP;F;15;R;T;mother;1;3;0;no;yes;5;2;11;12;12;1
39;GP;F;15;R;T;mother;1;1;0;no;no;2;8;14;13;12;1
40;GP;F;16;U;T;mother;2;2;0;no;yes;3;16;11;11;10;0
41;GP;M;15;U;T;other;1;1;0;no;yes;5;8;10;11;11;1
42;GP;M;15;U;T;father;1;2;0;no;yes;5;0;14;15;15;1
43;GP;M;15;U;T;father;1;1;0;no;yes;1;0;9;10;10;1
44;GP;F;16;U;T;father;2;2;1;no;yes;5;14;10;11;11;1
45;GP;F;15;U;A;mother;1;2;0;yes;yes;5;4;10;11;11;1
46;GP;F;16;U;A;mother;1;2;0;no;yes;3;6;13;12;13;1
47;GP;M;16;U;T;mother;1;4;0;no;yes;2;2;17;17;17;1
48;GP;M;15;U;T;mother;1;2;0;no;no;5;4;11;12;13;1
49;GP;F;15;U;T;father;1;2;0;no;yes;3;2;13;12;12;1
50;GP;F;16;U;T;mother;3;2;0;no;yes;4;0;14;13;13;1
51;GP;F;15;U;T;mother;1;2;0;no;yes;5;0;16;14;16;1
52;GP;M;15;U;A;father;2;1;0;no;no;5;4;10;9;9;0
53;GP;F;15;U;T;mother;1;1;0;no;yes;5;0;13;12;12;1
54;GP;F;15;U;A;mother;1;1;0;no;yes;1;0;13;12;13;1
55;GP;F;16;U;A;mother;1;2;0;no;yes;2;2;12;13;12;1
56;GP;F;15;U;A;mother;1;2;0;no;yes;1;0;15;14;15;1
57;GP;M;15;U;T;mother;1;2;0;no;no;5;8;15;15;16;1
58;GP;M;15;U;T;father;1;2;0;no;yes;5;0;14;13;14;1
59;GP;F;16;U;T;mother;1;2;0;yes;yes;5;2;16;15;16;1
60;GP;F;16;R;T;mother;1;2;0;no;no;4;0;17;16;16;1
61;GP;F;16;U;T;father;4;1;0;no;yes;5;0;10;10;16;1
62;GP;F;16;U;T;father;1;2;0;no;yes;1;0;13;13;10;1
63;GP;F;16;U;T;mother;1;3;0;no;yes;4;0;14;13;13;1
64;GP;F;15;U;T;father;1;2;0;no;yes;2;0;13;12;12;1
65;GP;F;16;U;T;mother;3;2;0;no;yes;1;2;16;15;16;1
66;GP;M;15;U;A;mother;1;4;0;no;yes;3;0;11;12;12;1
67;GP;F;16;U;T;mother;1;4;0;no;yes;5;0;10;9;10;1
68;GP;F;15;R;T;mother;2;2;0;no;yes;4;0;11;10;11;1
69;GP;F;15;R;T;father;2;4;0;no;yes;3;6;15;15;15;1
70;GP;M;16;U;T;father;2;4;0;no;yes;5;2;13;11;11;1
71;GP;M;15;U;T;mother;1;4;0;no;yes;3;0;11;9;10;1
72;GP;F;15;R;T;mother;1;2;0;no;yes;5;2;13;11;11;1
73;GP;M;16;U;T;mother;1;1;0;no;no;5;0;13;13;14;1
74;GP;F;16;U;T;mother;1;2;0;no;yes;5;4;11;11;11;1
75;GP;M;15;U;T;mother;1;2;0;no;yes;5;0;11;11;11;1
76;GP;M;15;U;T;mother;2;4;0;no;yes;1;0;12;11;11;1
77;GP;F;16;U;T;mother;1;4;0;no;yes;3;1;13;13;13;1
78;GP;M;17;U;T;mother;2;1;3;no;yes;3;0;9;9;10;1
79;GP;F;16;U;T;mother;1;2;0;no;yes;3;14;12;11;11;1
80;GP;M;15;U;T;father;1;1;0;no;yes;3;0;11;11;12;1
81;GP;M;15;U;T;mother;1;3;0;no;yes;5;2;10;9;9;0
82;GP;F;15;U;T;mother;1;2;0;no;yes;5;4;12;11;11;1
83;GP;M;15;U;T;mother;2;2;0;yes;yes;4;2;13;12;13;1
84;GP;F;15;U;T;father;1;2;0;no;yes;4;2;13;12;12;1
85;GP;F;15;U;T;father;2;2;0;no;yes;5;4;12;11;12;1
86;GP;F;16;U;T;mother;1;2;0;no;no;2;6;13;11;11;1
87;GP;F;15;U;T;mother;1;3;0;no;yes;1;4;15;15;15;1
88;GP;M;16;U;T;father;2;2;0;no;yes;3;6;12;10;11;1
89;GP;M;16;U;A;mother;1;2;0;no;no;5;6;9;9;10;1
90;GP;F;16;U;T;mother;1;3;0;no;yes;4;2;9;11;11;1
91;GP;F;15;U;T;mother;1;1;0;no;yes;1;6;14;13;13;1
92;GP;F;16;U;T;father;1;2;0;no;no;2;0;12;13;12;1
93;GP;F;16;U;T;mother;2;2;0;no;yes;1;2;13;14;14;1
94;GP;M;15;U;T;mother;1;4;0;no;yes;4;2;11;12;12;1
95;GP;F;15;R;T;mother;2;4;0;yes;yes;1;4;13;13;13;1
96;GP;M;16;R;T;mother;2;1;0;yes;yes;4;6;9;11;11;1
97;GP;F;16;U;T;mother;1;2;0;no;no;5;0;13;12;12;1
98;GP;F;16;U;T;mother;1;1;0;no;yes;1;4;12;13;13;1
99;GP;F;16;U;T;mother;1;3;0;no;yes;3;2;12;13;13;1
100;GP;M;16;U;T;mother;1;1;0;no;yes;4;12;9;9;8;0
101;GP;M;16;U;T;father;1;3;0;no;yes;4;0;16;16;16;1
102;GP;M;15;U;T;mother;1;1;0;yes;yes;5;2;12;13;12;1
103;GP;F;15;U;T;mother;2;2;0;no;yes;2;16;11;10;10;0
104;GP;M;15;U;A;mother;1;2;0;no;yes;1;0;16;16;16;1
105;GP;F;15;U;A;father;1;4;0;no;no;4;10;10;10;10;1
106;GP;F;15;U;T;mother;1;4;0;no;yes;3;4;10;10;10;1
107;GP;M;16;U;T;father;1;3;0;no;yes;5;4;13;14;14;1
108;GP;M;15;R;T;father;4;4;0;no;yes;1;8;12;10;11;1
109;GP;F;16;U;T;mother;1;3;0;no;yes;4;2;15;15;14;1
110;GP;M;15;U;A;mother;1;1;0;no;yes;4;4;13;14;14;1
111;GP;F;16;R;T;father;1;3;0;no;yes;2;4;11;11;11;1
112;GP;F;16;U;T;mother;1;2;1;no;yes;5;12;8;10;10;1
113;GP;M;15;U;T;mother;1;1;0;no;yes;3;10;18;17;18;1
114;GP;M;15;R;T;mother;1;2;0;no;yes;5;4;10;9;10;1
115;GP;M;16;U;T;father;1;2;0;no;yes;5;6;16;14;14;1
116;GP;M;15;U;T;father;2;2;0;no;no;2;4;16;15;16;1
117;GP;M;16;U;T;father;2;1;0;no;yes;5;6;14;14;15;1
118;GP;M;17;R;T;father;3;2;1;no;yes;5;14;12;11;11;1
119;GP;M;15;U;T;father;1;1;0;no;yes;4;2;14;13;14;1
120;GP;F;15;U;T;mother;1;2;0;no;yes;1;0;14;14;14;1
121;GP;M;15;U;T;father;1;4;0;no;yes;5;6;14;13;13;1
122;GP;F;16;U;T;father;2;2;0;no;yes;5;2;14;12;13;1
123;GP;M;16;U;T;mother;1;1;0;no;yes;5;4;12;13;13;1
124;GP;F;16;U;T;mother;1;2;0;no;yes;5;0;12;11;11;1
125;GP;M;15;U;T;father;1;1;0;no;yes;5;2;9;9;9;0
126;GP;F;15;U;A;mother;1;2;0;no;yes;1;0;10;11;11;1
127;GP;F;19;U;T;other;1;2;2;no;no;5;0;9;10;11;1
128;GP;M;16;R;T;mother;1;1;0;no;yes;4;8;14;14;15;1
129;GP;M;16;U;T;mother;2;3;0;no;yes;1;4;13;12;13;1
130;GP;F;15;R;T;father;2;3;0;no;yes;5;0;10;11;12;1
131;GP;F;18;U;T;mother;1;2;3;no;yes;5;10;10;9;8;0
132;GP;F;17;U;A;mother;3;1;0;no;yes;5;8;11;10;11;1
133;GP;F;15;U;T;mother;3;1;0;no;yes;4;6;11;12;13;1
134;GP;F;17;U;T;father;1;1;0;no;yes;5;2;13;12;12;1
135;GP;F;16;U;A;father;1;1;0;no;yes;5;12;15;13;14;1
136;GP;M;16;U;T;mother;4;1;0;no;no;2;4;9;9;11;1
137;GP;F;16;U;A;mother;1;1;1;no;no;5;12;13;11;11;1
138;GP;M;15;R;T;mother;4;2;0;no;no;5;2;12;11;11;1
139;GP;F;15;U;T;mother;1;3;0;no;yes;5;4;13;14;15;1
140;GP;M;17;R;T;mother;3;2;0;no;no;5;2;10;9;10;1
141;GP;F;16;R;T;mother;4;2;0;no;no;3;0;14;13;13;1
142;GP;M;18;U;T;mother;2;1;0;no;yes;4;2;11;11;12;1
143;GP;F;18;U;A;other;1;3;0;no;yes;5;10;12;11;11;1
144;GP;F;16;R;T;mother;2;1;0;no;no;1;8;12;11;11;1
145;GP;F;16;U;A;other;2;1;0;no;yes;5;4;9;9;10;1
146;GP;M;16;U;T;mother;1;2;2;no;no;5;0;10;10;10;1
147;GP;F;15;U;T;mother;2;1;0;no;yes;5;6;13;14;14;1
148;GP;F;15;R;T;mother;3;1;1;no;yes;1;2;8;9;9;0
149;GP;M;15;U;T;father;2;4;0;no;yes;3;6;9;11;11;1
150;GP;F;15;U;A;mother;1;2;0;no;no;1;24;9;8;9;0
151;GP;M;16;U;T;mother;1;3;0;no;yes;5;0;15;13;13;1
152;GP;M;16;U;T;father;2;1;0;no;yes;2;4;12;11;11;1
153;GP;F;15;U;T;mother;1;3;0;no;yes;5;2;13;13;13;1
154;GP;F;16;U;T;mother;1;1;0;no;yes;1;4;10;11;11;1
155;GP;M;17;U;T;mother;1;1;0;no;yes;5;22;9;7;6;0
156;GP;F;15;U;T;father;1;2;0;no;yes;5;0;12;12;12;1
157;GP;F;15;U;A;mother;2;1;0;no;yes;5;0;11;10;10;1
158;GP;F;15;U;T;father;1;2;1;no;yes;3;2;11;11;11;1
159;GP;F;15;U;T;mother;1;2;0;no;yes;5;6;13;12;13;1
160;GP;F;15;U;T;father;1;2;0;no;no;1;6;11;11;11;1
161;GP;M;16;U;T;mother;1;1;0;no;yes;5;16;9;9;8;0
162;GP;M;15;U;A;mother;4;1;0;no;yes;5;0;12;11;11;1
163;GP;M;18;U;T;mother;1;1;2;no;yes;4;0;11;9;0;0
164;GP;M;16;U;T;mother;1;1;1;no;no;5;6;9;10;10;1
165;GP;F;15;R;T;other;2;3;0;yes;yes;3;2;13;13;13;1
166;GP;M;19;U;T;mother;1;1;0;no;yes;4;6;11;9;11;1
167;GP;F;17;U;T;mother;1;1;0;no;no;4;0;13;13;13;1
168;GP;M;15;R;T;mother;1;2;0;yes;no;1;0;7;8;8;0
169;GP;M;17;R;T;mother;1;1;3;no;no;5;14;9;8;10;1
170;GP;F;18;R;T;mother;3;1;3;no;no;4;6;11;10;11;1
171;GP;M;16;R;T;mother;3;1;0;no;no;3;4;12;10;11;1
172;GP;M;16;U;T;father;1;2;1;no;yes;5;0;10;10;1;0
173;GP;M;16;U;T;mother;2;1;2;no;yes;5;0;9;8;10;1
174;GP;M;17;R;T;mother;2;1;1;yes;yes;5;8;8;8;9;0
175;GP;M;17;R;T;mother;2;2;2;no;yes;3;4;7;6;8;0
176;GP;M;15;U;T;mother;2;1;0;no;no;5;2;8;9;10;1
177;GP;M;16;U;T;father;1;1;1;no;yes;2;2;9;8;8;0
178;GP;M;17;R;T;mother;4;2;0;no;no;5;0;8;8;8;0
179;GP;M;17;U;T;mother;2;1;3;no;no;2;10;8;7;8;0
180;GP;M;16;U;T;father;1;2;0;no;yes;4;0;9;10;11;1
181;GP;F;16;U;T;father;1;2;0;no;yes;3;0;17;17;18;1
182;GP;F;16;U;T;mother;1;2;0;no;yes;4;0;12;12;13;1
183;GP;F;16;U;T;mother;1;2;0;no;yes;3;0;16;16;17;1
184;GP;M;16;U;T;father;3;1;1;no;yes;2;4;9;9;10;1
185;GP;M;16;U;T;mother;2;2;0;no;yes;3;0;16;17;18;1
186;GP;M;17;U;T;mother;1;2;0;no;yes;5;0;11;9;10;1
187;GP;F;16;U;T;mother;1;2;0;no;yes;3;0;14;13;13;1
188;GP;F;16;U;T;mother;2;2;0;no;yes;4;0;14;14;15;1
189;GP;M;17;U;T;mother;2;2;0;no;yes;4;0;10;11;11;1
190;GP;F;16;U;T;mother;2;2;0;no;yes;5;0;13;12;14;1
191;GP;M;17;U;T;father;1;2;0;no;yes;4;4;11;9;10;1
192;GP;M;16;R;T;mother;1;1;0;no;yes;3;8;10;9;11;1
193;GP;M;17;U;T;mother;1;2;0;yes;yes;2;4;11;11;13;1
194;GP;M;16;U;T;mother;1;2;0;yes;yes;3;4;11;10;11;1
195;GP;M;16;U;T;mother;1;2;0;no;yes;3;0;11;12;13;1
196;GP;F;17;U;T;father;1;2;0;no;no;5;0;17;18;17;1
197;GP;F;17;U;T;mother;1;2;0;no;yes;1;32;14;13;14;0
198;GP;F;16;U;T;mother;1;2;0;no;yes;1;8;14;15;16;1
199;GP;M;17;U;T;mother;1;2;0;no;yes;4;6;11;13;14;1
200;GP;M;16;U;T;mother;1;1;0;no;yes;3;0;10;9;11;1
201;GP;M;16;U;T;mother;1;2;0;no;yes;5;0;13;14;16;1
202;GP;F;17;U;A;mother;1;2;0;no;yes;3;10;12;13;14;1
203;GP;M;17;R;T;mother;1;2;0;no;no;3;6;9;9;10;1
204;GP;F;16;U;T;mother;1;2;0;no;yes;2;6;12;12;13;1
205;GP;F;17;U;T;mother;1;2;0;no;yes;3;0;12;11;12;1
206;GP;M;17;U;T;other;2;2;0;no;yes;5;16;10;11;12;0
207;GP;M;16;R;T;mother;1;1;0;no;yes;5;0;11;10;10;1
208;GP;M;16;U;T;father;2;1;0;no;yes;3;0;13;12;12;1
209;GP;F;17;U;T;father;1;2;0;no;yes;5;8;14;15;16;1
210;GP;M;17;U;T;mother;1;1;0;no;yes;5;4;13;13;14;1
211;GP;M;16;R;T;father;3;1;0;no;yes;3;16;10;11;12;0
212;GP;F;17;U;T;mother;2;1;1;no;yes;2;30;14;15;16;0
213;GP;F;16;U;T;mother;1;2;0;no;yes;3;0;11;10;11;1
214;GP;F;16;U;T;mother;1;2;0;no;yes;2;2;14;14;15;1
215;GP;F;16;U;T;mother;1;2;0;no;no;4;4;11;12;12;1
216;GP;F;17;U;T;mother;1;2;0;no;no;1;0;14;15;15;1
217;GP;F;17;R;T;mother;1;1;0;no;yes;3;21;13;13;13;0
218;GP;F;16;R;T;mother;2;4;0;no;yes;5;6;13;13;13;1
219;GP;F;17;U;T;mother;1;3;1;yes;yes;5;14;8;9;8;0
220;GP;F;16;U;A;mother;1;2;0;no;yes;4;2;11;11;12;1
221;GP;F;16;U;T;mother;1;2;0;no;yes;1;4;14;15;15;1
222;GP;F;16;U;T;mother;2;1;0;no;no;5;2;12;13;13;1
223;GP;F;17;R;T;mother;2;3;0;no;yes;4;0;11;12;12;1
224;GP;F;19;U;T;other;1;4;0;no;yes;3;4;12;12;12;1
225;GP;M;17;U;T;mother;1;2;0;no;yes;3;15;13;12;12;0
226;GP;F;16;U;A;mother;1;2;0;no;yes;4;0;13;13;13;1
227;GP;M;18;U;T;mother;1;2;0;no;yes;5;10;12;11;11;1
228;GP;F;17;R;T;mother;1;1;0;no;no;3;6;12;11;11;1
229;GP;F;17;U;T;mother;2;2;0;no;yes;1;2;14;16;15;1
230;GP;F;17;U;T;mother;1;2;0;no;yes;1;16;11;9;10;0
231;GP;M;18;U;T;father;1;2;0;no;yes;4;10;10;10;10;1
232;GP;F;17;U;T;father;2;1;0;no;no;3;4;12;13;13;1
233;GP;F;17;U;T;mother;1;3;0;no;yes;4;0;12;12;13;1
234;GP;F;17;R;T;mother;2;2;0;no;yes;5;0;11;10;11;1
235;GP;F;17;U;T;mother;1;3;0;no;no;5;12;12;12;12;1
236;GP;F;16;U;T;mother;1;2;0;no;yes;3;0;13;13;14;1
237;GP;M;18;U;T;mother;2;2;3;yes;yes;4;9;10;9;10;1
238;GP;F;16;U;T;mother;1;3;0;no;yes;5;4;15;16;16;1
239;GP;F;18;R;T;mother;1;2;0;no;yes;4;4;8;8;8;0
240;GP;F;17;U;T;mother;1;2;0;no;yes;3;2;17;18;17;1
241;GP;M;17;U;T;father;1;2;0;no;yes;3;0;10;11;11;1
242;GP;M;18;U;T;mother;4;2;0;no;yes;3;2;9;10;11;1
243;GP;F;17;U;A;mother;2;3;0;no;yes;3;0;15;15;16;1
244;GP;F;17;U;T;father;1;2;0;no;yes;3;0;14;12;12;1
245;GP;M;17;R;T;father;2;2;0;no;yes;1;0;12;13;13;1
246;GP;M;17;U;T;mother;1;2;0;no;yes;2;0;13;13;13;1
247;GP;M;16;U;T;father;1;2;0;no;yes;1;0;13;13;14;1
248;GP;M;16;U;T;mother;2;2;0;no;yes;5;2;9;9;9;0
249;GP;M;16;U;T;mother;2;3;0;no;yes;2;0;12;12;12;1
250;GP;M;17;U;T;father;1;2;0;no;yes;4;0;16;16;16;1
251;GP;F;16;U;T;mother;1;1;0;no;yes;5;4;9;10;10;1
252;GP;F;16;U;A;mother;1;2;0;no;yes;5;0;14;13;13;1
253;GP;F;18;U;A;mother;2;2;1;no;yes;3;18;10;10;10;0
254;GP;F;18;U;T;mother;1;2;1;no;yes;5;16;9;8;10;0
255;GP;F;18;U;T;mother;2;1;1;no;yes;3;14;8;7;7;0
256;GP;M;18;U;T;other;1;1;1;no;yes;1;26;7;8;8;0
257;GP;M;17;U;T;mother;1;1;0;no;yes;5;6;10;8;9;0
258;GP;F;17;U;T;father;1;2;0;no;no;3;4;14;14;15;1
259;GP;F;17;U;T;mother;1;3;0;no;yes;4;10;11;10;10;1
260;GP;F;16;U;T;mother;1;1;0;no;yes;5;4;12;11;11;1
261;GP;F;17;R;T;mother;3;2;0;no;no;3;2;13;13;13;1
262;GP;F;17;R;A;other;4;1;1;no;yes;5;14;9;9;8;0
263;GP;M;18;U;T;father;1;2;0;no;yes;2;16;8;7;8;0
264;GP;F;17;U;A;mother;1;1;1;no;yes;1;8;11;9;10;1
265;GP;F;17;R;T;mother;2;3;0;no;yes;5;4;15;14;15;1
266;GP;F;17;U;A;mother;1;2;0;no;no;4;4;15;14;14;1
267;GP;M;17;U;T;mother;2;2;0;no;yes;5;8;15;15;15;1
268;GP;M;17;R;A;mother;2;2;0;no;yes;4;0;12;12;12;1
269;GP;M;16;U;T;mother;1;1;0;no;yes;3;7;14;14;15;1
270;GP;M;16;U;T;mother;1;1;0;yes;yes;5;4;14;15;15;1
271;GP;F;17;U;T;mother;1;2;0;yes;yes;5;2;11;11;12;1
272;GP;M;17;R;T;father;2;3;0;no;yes;1;2;13;14;15;1
273;GP;F;17;U;T;mother;2;3;0;no;yes;5;10;11;11;11;1
274;GP;F;17;U;T;mother;1;2;0;no;no;4;10;10;9;10;1
275;GP;F;18;U;T;other;2;3;0;no;yes;3;10;12;10;11;1
276;GP;M;16;U;T;mother;3;1;0;no;yes;4;7;15;16;16;1
277;GP;F;17;U;T;father;1;2;0;no;no;5;4;11;10;11;1
278;GP;M;17;U;T;father;2;1;0;no;yes;2;2;9;12;13;1
279;GP;M;22;U;T;mother;1;1;3;no;yes;1;12;7;8;5;0
280;GP;M;18;R;T;mother;1;2;0;no;yes;5;8;10;9;10;1
281;GP;M;16;U;T;mother;1;1;0;no;yes;5;0;11;12;11;1
282;GP;M;18;U;T;mother;2;1;0;no;yes;5;8;7;8;7;0
283;GP;M;16;U;T;other;3;2;1;no;yes;2;4;9;11;10;1
284;GP;M;18;U;T;mother;1;1;2;no;yes;5;4;7;8;6;0
285;GP;M;16;R;T;mother;2;1;0;no;no;3;2;14;13;12;1
286;GP;M;17;R;T;mother;1;1;0;no;yes;5;0;12;12;13;1
287;GP;M;17;U;T;mother;2;1;1;no;yes;5;0;9;10;10;1
288;GP;F;18;U;A;mother;1;2;0;no;yes;5;2;12;12;13;1
289;GP;F;17;U;T;mother;1;4;0;no;yes;4;2;14;15;17;1
290;GP;F;19;U;T;mother;1;2;0;no;yes;5;0;10;10;11;1
291;GP;M;18;U;T;mother;3;2;1;no;yes;5;4;11;10;11;1
292;GP;F;17;R;T;mother;1;3;0;no;yes;5;2;11;12;14;1
293;GP;F;18;U;T;mother;1;3;0;no;no;3;4;11;12;14;1
294;GP;F;18;R;T;mother;1;2;0;no;no;5;4;11;11;13;1
295;GP;M;19;U;A;mother;1;2;0;no;yes;1;4;11;13;14;1
296;GP;M;18;U;T;mother;1;2;0;no;yes;4;2;16;16;16;1
297;GP;M;17;R;T;mother;2;1;0;no;no;4;0;9;10;10;1
298;GP;F;17;U;T;father;1;4;0;no;yes;2;2;10;11;12;1
299;GP;F;20;R;T;other;2;2;0;yes;yes;2;8;10;12;12;1
300;GP;F;18;U;T;father;1;2;0;no;yes;2;2;15;15;15;1
301;GP;M;18;U;T;mother;1;2;0;no;yes;3;2;10;10;11;1
302;GP;M;18;R;T;mother;1;3;0;no;no;3;2;10;11;12;1
303;GP;F;17;U;T;mother;1;3;0;no;no;4;2;15;12;13;1
304;GP;F;18;U;T;mother;1;3;0;no;yes;3;0;11;12;13;1
305;GP;M;17;U;T;father;2;1;0;no;yes;4;8;8;8;9;0
306;GP;M;18;R;A;mother;2;2;0;no;yes;1;6;15;16;16;1
307;GP;M;17;U;T;mother;1;2;0;no;yes;5;0;11;11;14;1
308;GP;F;18;R;T;mother;2;2;0;no;yes;4;8;10;11;12;1
309;GP;M;18;U;T;father;1;2;0;no;yes;5;4;10;12;14;1
310;GP;F;18;R;T;mother;2;2;0;no;yes;3;12;8;9;10;1
311;GP;F;19;U;T;other;1;2;0;no;yes;5;16;11;12;12;0
312;GP;F;18;U;T;father;1;4;0;no;yes;2;10;16;16;16;1
313;GP;F;18;U;T;mother;2;2;0;no;no;3;2;13;13;13;1
314;GP;M;17;R;T;mother;1;2;0;no;no;1;2;16;17;18;1
315;GP;F;18;U;T;mother;1;2;0;no;yes;1;8;14;14;15;1
316;GP;F;17;U;T;mother;2;2;0;no;yes;1;6;15;16;16;1
317;GP;F;17;U;T;mother;2;2;0;no;yes;5;6;12;12;12;1
318;GP;F;18;R;A;mother;2;2;0;no;yes;5;15;12;9;10;0
319;GP;M;18;U;T;mother;2;1;0;no;yes;3;6;11;12;12;1
320;GP;F;18;U;T;father;1;2;1;no;yes;4;2;14;12;13;1
321;GP;F;17;U;T;father;3;3;0;no;yes;1;8;13;15;15;1
322;GP;F;19;R;T;father;1;2;1;no;yes;3;0;9;8;10;1
323;GP;M;18;U;T;mother;2;1;0;no;yes;1;0;10;10;10;1
324;GP;M;18;U;T;other;2;1;0;no;yes;4;10;10;10;11;1
325;GP;M;17;U;A;mother;2;1;0;no;yes;5;22;11;11;10;0
326;GP;M;17;U;A;mother;1;1;0;no;yes;3;18;13;13;13;0
327;GP;F;18;R;T;mother;2;4;0;no;no;3;2;17;17;18;1
328;GP;F;18;U;T;mother;2;2;0;no;yes;4;0;12;13;13;1
329;GP;F;17;U;T;mother;1;2;0;no;yes;5;12;12;12;14;1
330;GP;F;18;U;T;mother;2;2;0;no;yes;5;10;12;13;14;1
331;GP;M;17;U;T;father;1;2;0;no;yes;4;0;12;12;12;1
332;GP;F;18;U;T;mother;1;3;0;no;yes;2;0;18;18;18;1
333;GP;F;17;U;T;mother;1;3;0;no;yes;3;0;13;13;14;1
334;GP;M;18;U;T;mother;1;3;0;no;yes;2;0;14;15;15;1
335;GP;M;18;U;A;mother;1;2;0;no;yes;2;0;17;17;17;1
336;GP;M;18;U;T;mother;1;2;0;no;yes;5;2;15;16;16;1
337;GP;F;17;U;T;mother;1;3;0;no;yes;3;0;17;18;18;1
338;GP;F;17;R;T;mother;2;4;0;no;no;3;0;18;19;19;1
339;GP;M;18;R;T;mother;2;3;0;no;yes;4;0;14;15;15;1
340;GP;M;17;U;T;mother;1;1;0;no;yes;5;0;14;15;15;1
341;GP;F;19;U;T;other;2;2;0;no;yes;2;2;14;13;13;1
342;GP;F;18;U;T;other;2;2;0;no;yes;2;0;13;14;14;1
343;GP;F;18;U;T;father;1;4;0;no;yes;3;0;16;17;17;1
344;GP;M;18;U;T;mother;1;1;0;no;yes;1;0;18;18;17;1
345;GP;F;18;U;A;mother;1;2;0;yes;yes;4;0;14;15;15;1
346;GP;M;17;U;T;father;2;1;0;no;yes;5;0;12;13;13;1
347;GP;F;17;R;T;mother;2;3;0;no;yes;5;0;7;7;8;0
348;GP;F;17;U;T;mother;2;3;0;no;yes;3;0;16;16;16;1
349;GP;F;17;U;T;father;1;4;0;no;yes;5;0;18;18;18;1
350;GP;M;19;R;T;mother;2;3;1;no;yes;5;0;9;10;11;1
351;GP;M;20;U;A;other;1;1;2;no;no;5;0;14;15;15;1
352;GP;M;19;R;T;father;1;2;0;no;no;5;0;10;10;11;1
353;GP;F;18;U;T;mother;1;2;0;no;no;5;2;10;10;11;1
354;GP;F;18;U;T;mother;2;2;0;no;yes;1;2;12;12;15;1
355;GP;F;17;U;T;father;2;2;0;no;yes;3;2;11;12;14;1
356;GP;F;17;R;T;mother;1;1;0;no;yes;5;2;15;16;17;1
357;GP;F;18;U;T;mother;1;3;0;no;yes;5;2;14;15;17;1
358;GP;F;18;U;T;mother;2;1;0;no;yes;1;8;12;12;15;1
359;GP;F;17;R;T;father;1;3;0;no;yes;5;2;15;15;17;1
360;GP;F;18;U;T;father;1;2;0;no;yes;3;8;11;12;14;1
361;GP;M;19;U;T;mother;2;2;0;no;yes;1;9;11;10;10;1
362;GP;F;18;U;T;mother;1;2;0;no;yes;5;0;12;11;13;1
363;GP;F;18;U;T;mother;1;1;0;no;yes;1;4;11;12;14;1
364;GP;F;17;U;T;mother;1;1;0;no;yes;5;2;14;15;17;1
365;GP;F;17;U;A;mother;1;2;0;no;yes;5;14;15;14;17;1
366;GP;F;17;U;A;mother;1;2;0;no;yes;5;0;12;12;13;1
367;GP;F;17;U;T;father;1;2;0;no;yes;2;2;11;12;14;1
368;GP;M;18;U;T;father;1;1;0;no;yes;5;2;8;9;11;1
369;GP;F;19;U;T;other;3;3;0;no;no;5;12;10;10;11;1
370;GP;F;19;U;A;other;3;2;2;no;yes;4;2;8;8;9;0
371;GP;F;18;U;T;mother;1;1;0;no;yes;5;2;10;10;10;1
372;GP;F;17;U;T;mother;1;2;0;no;no;3;4;14;13;13;1
373;GP;F;17;R;T;mother;1;3;0;no;yes;3;0;11;11;10;1
374;GP;F;17;U;T;father;1;3;0;no;yes;5;0;17;18;17;1
375;GP;F;17;U;T;father;2;3;0;no;yes;2;0;14;14;15;1
376;GP;F;18;U;T;mother;2;3;0;no;yes;2;0;14;14;14;1
377;GP;M;18;U;T;mother;1;3;0;no;yes;3;0;13;14;13;1
378;GP;M;17;U;T;mother;1;1;0;no;yes;5;0;17;18;17;1
379;GP;M;17;R;T;mother;4;1;0;no;yes;4;2;11;10;10;1
380;GP;F;17;U;T;mother;1;3;0;no;yes;4;0;13;12;13;1
381;GP;F;17;U;T;mother;2;3;0;no;yes;4;4;15;14;15;1
382;GP;F;17;U;T;mother;1;1;0;yes;yes;5;2;11;12;11;1
383;GP;M;18;U;T;mother;1;4;0;yes;yes;5;0;11;11;12;1
384;GP;M;19;R;T;other;1;1;0;no;no;5;0;11;10;10;1
385;GP;F;18;U;T;mother;4;2;0;no;no;2;2;10;9;10;1
386;GP;F;17;R;T;father;1;3;0;no;yes;5;0;15;15;15;1
387;GP;M;18;U;T;mother;1;1;0;no;yes;5;6;15;14;15;1
388;GP;F;18;U;T;mother;1;2;0;no;yes;4;8;10;11;12;1
389;GP;F;18;U;T;other;1;2;0;no;yes;2;0;10;9;12;1
390;GP;F;18;R;T;mother;2;4;0;no;no;4;6;14;13;14;1
391;GP;F;17;U;T;mother;1;3;0;no;yes;5;8;11;13;14;1
392;GP;F;17;U;T;mother;1;2;0;no;yes;2;0;12;13;15;1
393;GP;F;18;U;T;mother;1;4;0;no;yes;1;4;14;14;15;1
394;GP;F;17;R;A;mother;1;2;0;no;yes;2;0;14;14;16;1
395;GP;M;18;U;T;father;1;2;0;no;yes;2;0;12;12;13;1
396;GP;M;18;U;T;mother;1;2;0;no;yes;5;6;16;16;17;1
397;GP;F;17;U;A;father;1;2;0;no;yes;4;18;10;12;14;0
398;GP;F;18;U;T;mother;1;3;0;no;yes;3;0;11;12;14;1
399;GP;F;18;U;T;mother;1;3;0;no;yes;1;4;14;16;17;1
400;GP;M;18;R;T;mother;1;3;0;no;yes;4;4;15;14;17;1
401;GP;M;18;U;T;mother;1;3;0;no;yes;5;0;14;13;14;1
402;GP;F;17;U;T;mother;1;3;0;no;yes;4;0;11;12;13;1
403;GP;F;17;U;T;mother;2;2;0;no;yes;1;10;12;15;15;1
404;GP;F;17;U;T;mother;1;2;0;no;yes;4;4;12;16;16;1
405;GP;F;19;U;A;other;2;1;1;no;yes;5;16;10;11;11;0
406;GP;F;17;U;T;mother;1;1;1;yes;yes;3;6;10;13;13;1
407;GP;F;21;U;T;other;1;3;2;yes;yes;5;0;9;12;12;1
408;GP;M;18;U;T;mother;1;2;0;no;yes;3;11;9;11;12;1
409;GP;M;18;U;A;other;1;2;0;no;yes;2;9;13;14;15;1
410;GP;F;17;U;T;mother;1;2;0;no;yes;4;0;13;17;17;1
411;GP;M;17;U;A;mother;1;3;0;no;yes;4;2;12;15;15;1
412;GP;F;18;U;T;mother;1;2;0;no;yes;3;0;14;17;17;1
413;GP;M;21;R;T;other;2;2;2;no;yes;4;21;9;10;10;0
414;GP;F;20;R;T;other;2;3;0;no;yes;3;8;11;15;15;1
415;GP;F;19;U;T;other;1;1;1;no;yes;5;5;9;10;11;1
416;GP;M;17;U;A;mother;1;2;0;no;yes;5;10;16;18;18;1
417;GP;F;18;U;T;father;1;3;0;no;yes;2;5;14;17;17;1
418;GP;M;18;R;T;father;1;1;0;no;yes;4;13;13;14;14;1
419;GP;M;19;U;T;mother;1;1;0;no;yes;4;10;7;11;11;1
420;GP;F;18;U;A;mother;2;2;0;no;yes;4;10;14;17;17;1
421;GP;F;20;U;T;mother;2;1;1;no;yes;5;5;8;10;10;1
422;GP;F;18;U;T;mother;1;2;0;no;yes;1;4;10;13;13;1
423;MS;F;16;U;T;father;2;1;0;no;yes;5;11;10;11;11;1
424;MS;F;16;R;T;mother;2;2;0;no;yes;5;0;12;12;12;1
425;MS;F;15;R;T;mother;1;1;1;no;no;2;6;10;10;10;1
426;MS;F;15;R;T;mother;2;1;0;no;yes;5;4;10;10;11;1
427;MS;F;16;R;T;mother;2;2;0;no;no;5;0;16;17;17;1
428;MS;F;15;R;T;mother;2;1;0;no;no;1;0;6;8;9;0
429;MS;M;16;R;A;mother;1;2;0;no;no;2;5;10;11;11;1
430;MS;M;16;U;A;mother;1;3;0;no;yes;5;0;10;11;11;1
431;MS;F;17;R;T;father;1;2;1;no;no;5;0;10;10;10;1
432;MS;F;17;R;T;father;1;1;1;no;yes;5;0;6;6;7;0
433;MS;F;15;R;T;mother;2;1;0;no;yes;5;0;13;14;14;1
434;MS;F;16;U;A;mother;2;4;0;no;no;1;4;10;9;11;1
435;MS;F;15;R;T;father;2;2;0;no;yes;4;0;10;10;10;1
436;MS;F;15;R;T;mother;2;1;1;no;yes;2;4;6;7;8;0
437;MS;F;16;R;T;mother;2;1;0;no;no;2;0;12;11;12;1
438;MS;F;17;R;T;mother;2;1;0;no;yes;3;2;10;11;12;1
439;MS;F;15;R;T;father;2;1;0;no;yes;4;0;14;16;16;1
440;MS;M;16;U;T;mother;2;2;0;no;no;3;0;7;0;0;0
441;MS;M;17;U;T;mother;1;2;0;yes;yes;5;4;8;9;9;0
442;MS;M;15;R;T;father;1;2;0;no;yes;2;0;12;13;14;1
443;MS;M;15;R;T;father;1;2;0;no;yes;2;7;7;9;8;0
444;MS;M;16;R;T;mother;3;2;0;no;no;5;4;9;10;11;1
445;MS;M;15;R;T;mother;4;2;0;no;no;4;8;7;9;9;0
446;MS;M;15;U;T;father;1;2;0;no;yes;5;0;11;11;11;1
447;MS;M;17;R;T;mother;3;1;0;no;no;3;8;8;10;9;0
448;MS;F;16;R;T;mother;2;3;0;no;yes;4;6;16;16;17;1
449;MS;F;15;R;T;mother;2;1;0;no;no;1;3;11;13;13;1
450;MS;F;16;R;T;mother;3;2;0;no;yes;1;2;15;15;15;1
451;MS;M;16;R;T;father;2;2;0;no;no;5;0;10;11;11;1
452;MS;F;16;R;T;mother;3;2;0;no;yes;4;4;9;10;11;1
453;MS;F;16;U;T;mother;1;3;1;no;no;4;0;10;8;8;0
454;MS;F;16;U;T;mother;1;3;1;no;no;4;3;9;8;8;0
455;MS;F;15;U;T;mother;1;2;0;no;yes;2;0;9;10;9;0
456;MS;F;16;U;T;father;1;2;0;no;no;2;0;13;14;15;1
457;MS;M;17;R;T;mother;1;1;0;no;yes;3;4;10;11;11;1
458;MS;F;16;R;T;father;4;4;0;no;yes;1;0;13;10;13;1
459;MS;F;16;R;T;father;4;3;0;no;no;5;2;10;9;10;1
460;MS;F;15;R;T;father;2;2;0;no;yes;2;1;11;10;11;1
461;MS;F;16;R;T;mother;2;1;0;no;yes;2;0;13;12;14;1
462;MS;F;15;R;T;father;3;2;0;no;no;2;0;13;14;14;1
463;MS;F;15;R;T;father;1;3;0;no;no;5;2;14;11;12;1
464;MS;M;16;R;T;father;2;1;0;no;no;5;6;11;11;11;1
465;MS;F;18;U;T;father;1;2;1;no;yes;5;9;9;8;8;0
466;MS;M;15;U;T;mother;2;1;0;no;no;4;0;10;9;11;1
467;MS;F;16;R;T;father;3;2;0;no;yes;2;1;14;13;14;1
468;MS;M;15;U;T;mother;3;1;0;no;no;4;1;13;12;13;1
469;MS;M;16;U;T;father;1;2;0;no;no;3;0;13;12;13;1
470;MS;F;15;R;T;mother;1;2;0;no;yes;1;4;13;12;12;1
471;MS;F;16;R;T;mother;2;2;1;no;no;5;2;12;11;12;1
472;MS;F;16;R;T;father;3;1;0;no;no;4;0;14;14;16;1
473;MS;M;16;U;T;mother;2;1;0;no;yes;4;4;10;8;10;1
474;MS;M;15;R;T;father;3;1;0;no;yes;3;2;10;11;11;1
475;MS;F;15;U;T;mother;2;3;0;no;no;4;0;12;13;14;1
476;MS;F;16;R;T;mother;1;1;0;no;yes;5;2;10;8;8;0
477;MS;M;15;U;T;father;2;1;0;no;yes;3;11;12;10;11;1
478;MS;F;16;R;T;father;2;2;3;no;no;1;0;7;7;8;0
479;MS;F;17;U;T;mother;1;1;0;no;no;5;4;9;9;10;1
480;MS;F;19;U;T;other;1;1;1;no;yes;2;0;9;9;10;1
481;MS;F;17;R;T;mother;3;1;0;no;no;3;2;9;10;11;1
482;MS;F;15;R;T;mother;2;1;0;no;no;4;0;9;10;9;0
483;MS;F;16;R;T;father;3;2;0;no;yes;1;1;9;10;11;1
484;MS;F;16;U;A;mother;1;1;0;no;no;1;6;7;7;8;0
485;MS;F;17;R;T;mother;2;2;0;no;yes;4;0;11;10;11;1
486;MS;F;16;U;T;father;1;1;1;yes;yes;3;1;9;10;10;1
487;MS;F;18;R;A;other;2;3;2;no;no;2;6;7;9;10;1
488;MS;F;19;U;T;mother;1;3;1;no;no;3;6;7;9;9;0
489;MS;M;18;R;T;mother;2;1;1;no;yes;4;0;8;9;10;1
490;MS;F;18;R;T;mother;2;1;1;no;yes;2;4;9;11;10;1
491;MS;F;19;U;T;other;2;2;1;no;yes;1;12;7;8;9;0
492;MS;F;16;R;A;mother;1;2;0;no;no;3;2;8;10;10;1
493;MS;F;17;U;T;father;2;1;0;no;no;5;5;9;9;10;1
494;MS;F;16;R;T;mother;1;2;0;no;yes;3;0;8;9;9;0
495;MS;F;16;U;T;mother;1;1;0;no;yes;4;0;14;13;13;1
496;MS;F;16;R;T;mother;1;1;0;no;yes;4;2;14;14;14;1
497;MS;M;17;U;T;mother;2;4;1;yes;no;5;0;10;11;10;1
498;MS;F;16;U;T;mother;1;2;0;no;yes;1;0;14;13;14;1
499;MS;F;16;U;T;mother;1;1;0;yes;no;5;0;17;16;16;1
500;MS;M;17;U;T;father;1;1;1;no;yes;1;12;6;7;7;0
501;MS;M;16;U;T;father;1;1;0;no;yes;5;8;14;12;13;1
502;MS;M;17;R;T;mother;3;4;1;no;no;3;2;10;8;9;0
503;MS;F;16;U;T;other;1;4;0;no;yes;5;0;14;14;14;1
504;MS;F;19;U;T;mother;1;3;0;no;yes;1;0;12;13;13;1
505;MS;F;17;R;T;mother;2;1;0;no;yes;5;0;11;11;11;1
506;MS;F;20;U;T;mother;2;2;1;no;yes;3;8;11;9;10;1
507;MS;F;17;U;T;father;1;3;0;no;no;3;0;11;11;10;1
508;MS;M;17;R;T;mother;3;1;1;no;yes;5;0;10;9;9;0
509;MS;F;16;R;T;father;3;2;0;no;no;1;0;16;17;18;1
510;MS;F;17;R;T;mother;2;2;0;no;no;1;0;15;17;17;1
511;MS;F;17;U;A;mother;2;2;0;no;yes;4;1;11;9;10;1
512;MS;F;18;R;T;mother;1;2;1;no;yes;5;9;7;7;7;0
513;MS;F;16;U;T;mother;1;1;0;no;yes;1;0;8;6;8;0
514;MS;F;16;U;T;mother;1;1;0;no;yes;3;2;7;6;7;0
515;MS;F;18;U;T;mother;2;2;0;no;no;3;8;9;8;10;1
516;MS;F;16;R;T;father;1;2;0;no;yes;2;0;14;16;16;1
517;MS;F;16;R;T;mother;2;1;0;no;yes;2;0;14;14;15;1
518;MS;F;18;U;A;father;1;2;1;no;yes;1;8;8;5;8;0
519;MS;M;16;R;T;mother;2;2;0;no;yes;2;0;8;7;0;0
520;MS;F;16;U;T;mother;3;2;0;no;yes;5;6;6;8;8;0
521;MS;F;16;R;T;mother;2;2;0;no;yes;2;0;8;10;10;1
522;MS;F;16;U;T;mother;1;2;0;no;yes;3;4;8;8;8;0
523;MS;M;18;U;T;mother;1;4;0;no;yes;5;2;5;6;6;0
524;MS;F;16;R;T;mother;3;2;0;no;no;2;2;7;9;8;0
525;MS;M;17;U;T;mother;1;3;0;no;yes;5;0;15;14;16;1
526;MS;F;17;R;T;mother;1;1;0;no;yes;5;1;13;14;14;1
527;MS;M;16;U;T;mother;4;3;0;no;no;3;0;10;9;10;1
528;MS;F;17;R;T;mother;1;1;0;yes;yes;5;5;9;9;9;0
529;MS;F;16;U;T;father;2;1;0;no;no;5;1;11;11;11;1
530;MS;M;17;U;T;mother;1;1;0;no;yes;3;8;7;10;9;0
531;MS;M;17;U;T;mother;3;2;0;no;yes;1;0;10;10;10;1
532;MS;M;16;U;T;mother;2;2;0;no;yes;5;2;9;7;8;0
533;MS;F;16;U;T;mother;1;2;0;no;yes;3;0;14;15;16;1
534;MS;M;16;U;T;father;1;1;0;no;yes;5;0;11;12;12;1
535;MS;M;15;R;T;mother;3;2;0;no;no;5;11;9;11;10;1
536;MS;M;15;U;A;mother;3;4;0;no;no;5;8;13;14;14;1
537;MS;M;15;U;A;mother;1;1;0;no;yes;5;11;12;13;12;1
538;MS;F;16;R;T;mother;1;3;0;no;no;5;2;11;11;11;1
539;MS;F;16;U;T;mother;2;2;0;no;yes;1;8;9;10;10;1
540;MS;F;17;U;T;mother;2;1;0;no;no;1;5;9;11;11;1
541;MS;F;17;R;T;mother;2;2;0;yes;no;5;0;11;9;11;1
542;MS;F;16;U;T;mother;2;3;0;no;yes;5;1;10;11;12;1
543;MS;M;17;R;T;father;3;1;3;no;yes;5;2;9;9;8;0
544;MS;M;17;R;T;father;2;1;0;no;no;5;2;12;11;12;1
545;MS;M;17;U;T;mother;1;2;1;no;yes;5;8;8;9;8;0
546;MS;F;17;U;T;father;1;2;0;no;yes;5;0;13;15;16;1
547;MS;M;16;R;T;father;1;1;0;no;yes;2;0;10;11;11;1
548;MS;F;17;U;A;mother;1;2;0;no;yes;3;2;11;10;11;1
549;MS;F;17;R;T;mother;2;2;0;no;yes;5;0;17;18;18;1
550;MS;M;16;U;A;father;2;2;0;no;yes;5;0;12;13;13;1
551;MS;M;17;U;T;father;2;2;0;yes;yes;1;0;13;14;13;1
552;MS;M;19;U;T;mother;1;2;2;no;yes;4;2;9;9;10;1
553;MS;M;17;U;A;mother;1;1;0;no;no;5;4;11;11;12;1
554;MS;F;17;R;T;father;2;1;0;no;yes;4;3;10;11;10;1
555;MS;F;16;R;T;father;1;3;0;no;yes;3;5;13;14;13;1
556;MS;M;16;R;T;mother;1;1;0;no;no;5;4;9;10;11;1
557;MS;F;17;R;T;mother;2;2;3;no;yes;5;2;7;9;10;1
558;MS;M;17;R;T;mother;2;1;0;no;no;5;0;8;13;10;1
559;MS;M;18;R;T;other;3;1;1;no;no;4;0;12;12;13;1
560;MS;M;17;R;T;mother;2;1;0;no;yes;2;0;10;9;10;1
561;MS;M;18;U;T;mother;2;2;0;no;no;5;6;10;9;10;1
562;MS;F;16;R;T;father;1;2;0;no;no;1;0;11;13;12;1
563;MS;M;17;U;T;mother;1;1;1;no;no;5;0;7;0;0;0
564;MS;M;16;R;T;father;2;1;0;no;yes;5;2;11;9;10;1
565;MS;M;16;R;T;mother;2;1;0;no;yes;5;0;10;10;9;0
566;MS;M;18;R;T;other;2;1;1;no;yes;5;2;9;7;9;0
567;MS;M;18;R;T;mother;1;1;1;no;yes;5;0;4;0;0;0
568;MS;M;19;U;T;mother;2;1;3;no;no;3;4;6;11;9;0
569;MS;M;18;U;T;mother;1;2;2;no;yes;3;9;4;8;8;0
570;MS;M;16;R;T;mother;2;1;0;no;yes;4;6;7;8;8;0
571;MS;M;19;U;T;other;2;1;3;no;yes;5;4;8;9;9;0
572;MS;F;16;U;A;mother;2;2;2;no;no;1;8;5;5;7;0
573;MS;F;17;U;T;mother;1;1;0;no;no;5;9;7;9;10;1
574;MS;M;20;R;T;other;2;1;1;no;yes;4;12;8;11;10;1
575;MS;F;18;R;A;mother;1;1;0;no;yes;2;8;10;11;10;1
576;MS;M;18;R;T;mother;2;1;0;no;yes;5;8;9;10;11;1
577;MS;M;19;R;T;other;3;2;1;no;yes;2;8;10;9;11;1
578;MS;M;17;U;T;mother;2;2;1;no;yes;3;4;8;9;10;1
579;MS;M;18;U;T;mother;1;1;0;no;yes;3;0;9;10;9;0
580;MS;M;19;R;T;other;3;1;1;no;yes;5;4;8;9;10;1
581;MS;F;18;U;A;mother;2;2;2;no;no;5;2;6;8;8;0
582;MS;F;19;U;A;mother;1;1;0;no;no;5;0;6;8;7;0
583;MS;F;18;R;T;mother;2;1;1;no;yes;3;0;8;6;0;0
584;MS;F;17;R;T;mother;2;1;0;no;yes;5;0;10;11;11;1
585;MS;F;17;R;A;other;2;3;0;yes;no;3;5;8;7;8;0
586;MS;F;17;U;T;mother;1;2;0;no;yes;5;0;8;8;0;0
587;MS;F;18;R;T;mother;1;2;1;no;yes;4;3;7;6;8;0
588;MS;F;17;U;T;mother;1;1;0;no;no;5;0;8;10;9;0
589;MS;F;17;U;T;father;1;1;0;no;yes;3;0;7;10;10;1
590;MS;F;18;U;T;mother;3;2;2;no;no;5;3;7;8;7;0
591;MS;F;18;U;T;father;2;2;0;no;yes;1;2;12;13;14;1
592;MS;F;17;U;T;mother;2;1;0;no;yes;4;0;11;12;13;1
593;MS;F;18;U;A;mother;2;2;0;no;yes;4;0;12;13;14;1
594;MS;F;18;U;T;mother;2;2;0;no;yes;1;0;18;18;18;1
595;MS;M;18;U;T;mother;1;1;0;no;yes;5;3;17;17;17;1
596;MS;F;17;U;T;mother;2;2;0;no;yes;4;0;17;18;18;1
597;MS;F;18;R;T;mother;3;2;1;no;no;4;0;9;0;0;0
598;MS;M;18;U;T;mother;2;1;0;no;no;1;8;10;11;11;1
599;MS;M;18;R;T;mother;3;1;0;yes;yes;1;5;12;13;14;1
600;MS;M;17;R;T;father;3;1;0;no;no;4;4;12;13;14;1
601;MS;F;18;U;T;mother;2;2;0;no;yes;2;4;8;8;10;1
602;MS;F;18;U;T;father;2;3;0;no;yes;3;0;11;12;13;1
603;MS;F;18;R;A;mother;1;2;0;no;yes;5;0;5;0;0;0
604;MS;F;18;U;T;mother;3;2;1;no;no;2;2;9;10;10;1
605;MS;F;19;U;T;father;2;1;1;no;no;2;0;5;0;0;0
606;MS;F;17;U;T;father;2;4;0;no;yes;5;0;18;18;18;1
607;MS;F;17;R;A;mother;2;2;0;no;yes;2;5;11;11;12;1
608;MS;F;18;U;A;mother;1;2;0;no;no;3;2;8;10;11;1
609;MS;F;18;U;T;father;2;2;0;no;no;4;0;11;11;12;1
610;MS;F;19;R;A;other;2;2;3;no;no;1;0;8;0;0;0
611;MS;F;18;R;T;mother;2;3;0;no;yes;4;5;14;14;15;1
612;MS;M;17;R;T;mother;2;2;1;yes;yes;2;4;10;11;11;1
613;MS;F;18;U;T;father;1;2;0;no;no;5;0;10;10;10;1
614;MS;F;17;R;T;father;2;2;0;yes;yes;5;2;12;12;12;1
615;MS;F;17;U;A;mother;2;2;0;no;no;5;0;15;14;15;1
616;MS;M;18;U;T;father;2;1;0;no;yes;3;2;14;13;14;1
617;MS;F;18;U;T;father;2;3;0;no;yes;4;0;19;17;18;1
618;MS;F;18;R;A;mother;3;2;0;no;no;5;0;16;15;15;1
619;MS;F;18;U;T;mother;2;2;0;no;yes;3;6;13;12;13;1
620;MS;F;17;U;T;mother;1;2;0;no;yes;1;4;15;14;15;1
621;MS;F;17;R;T;father;2;2;0;no;no;3;0;13;13;13;1
622;MS;M;18;R;T;mother;2;2;0;yes;no;3;0;8;10;9;0
623;MS;M;18;U;T;mother;2;3;0;no;yes;5;0;15;16;16;1
624;MS;F;17;R;T;mother;3;1;1;no;yes;1;0;8;8;9;0
625;MS;F;18;U;T;father;2;1;0;no;yes;4;0;10;10;10;1
626;MS;F;18;R;T;father;3;2;0;no;yes;5;0;7;5;0;0
627;MS;M;18;R;T;father;3;1;0;no;yes;3;3;9;10;10;1
628;MS;F;17;U;T;mother;1;3;0;no;no;3;8;10;11;12;1
629;MS;F;17;R;T;mother;1;1;0;no;yes;1;4;7;8;9;0
630;MS;F;18;R;T;mother;2;3;0;no;yes;1;0;15;17;17;1
631;MS;F;18;R;T;mother;4;3;0;no;yes;4;4;10;11;12;1
632;MS;F;19;R;T;other;2;2;1;no;yes;3;4;7;8;9;0
633;MS;F;18;R;T;mother;1;2;0;no;yes;2;1;13;14;14;1
634;MS;F;18;U;T;mother;1;2;0;no;yes;1;1;16;16;16;1
635;MS;F;17;R;T;mother;1;2;0;no;yes;1;10;8;9;9;0
636;MS;M;18;U;T;father;1;2;0;no;yes;2;4;17;18;19;1
637;MS;M;18;R;T;mother;2;1;0;no;yes;5;0;7;7;0;0
638;MS;M;17;U;T;father;2;2;0;no;yes;3;4;14;15;16;1
639;MS;M;19;R;T;mother;2;1;1;no;no;5;0;5;8;0;0
640;MS;M;18;R;T;father;2;1;1;yes;no;3;0;7;7;0;0
641;MS;F;18;R;T;mother;2;3;0;no;no;4;0;14;17;15;1
642;MS;F;17;U;T;mother;2;2;0;no;yes;1;0;6;9;11;1
643;MS;F;18;R;T;mother;3;1;0;no;yes;5;4;7;9;10;1
644;MS;F;19;R;T;mother;1;3;1;no;yes;5;4;10;11;10;1
645;MS;F;18;U;T;mother;1;2;0;no;yes;1;4;15;15;16;1
646;MS;F;18;U;T;mother;2;2;0;no;no;5;6;11;12;9;0
647;MS;M;17;U;T;mother;2;1;0;no;yes;2;6;10;10;10;1
648;MS;M;18;R;T;mother;3;1;0;no;yes;5;4;10;11;11;1
